order	Reviewed	IRI	Label	Definition	Editor	Logical Type	Equivalent Classes	Parent Classes	Main Processes (has_part)  order process using preceded by	Evaluant (realizes some ('evaluant role' and (' role of' some X)))	Evaluant (realizes some ('evaluant role' and ('inheres in' some X)))	Evaluant (X and ('has role' some 'evaluant role'))	Analyte (realizes some ('analyte role' and ('role of' some X)	Analyte (realizes some ('analyte role' and ('inheres in' some X)	Devices	Inputs (has_specified_input)	main input	Outputs X   (has_specified_output some X)	Outputs Y   (some X and (is_about Y))	Objective	comment	associated axioms
		ID	A rdfs:label	A definition	A term editor	CLASS_TYPE		C %		C (has_specified_input some %) and (realizes some ('evaluant role' and ('inheres in' some %)))			C (has_specified_input some %) and (realizes some ('analyte role' and ('inheres in' some %)))		C (has_specified_input some %) and (realizes some (function and ('inheres in' some %)))	C has_specified_input some %		C has_specified_output some %				
1	FALSE	OBI:0000117	Bernoulli trial	An assay where the output data is a datum with one of two values denoted success and failure.	PlanAndPlannedProcess Branch	subclass		assay														
4	FALSE	OBI:0000185	imaging assay	An imaging assay is an assay to produce a picture of an entity. definition_source: OBI.	PlanAndPlannedProcess Branch	subclass		assay										image				
7	FALSE	OBI:0000288	protein-protein interaction detection	"An assay with the objective to determine interactions between proteins, such as protein-protein binding."		subclass		assay														
10	FALSE	OBI:0000291	transcription factor binding site assay	An assay with objective to find DNA region specifically recognized by proteins that function as transcription factors	Philippe Rocca-Serra	subclass	assay and (has_specified_output some ('information content entity' and ('is about' some 'transcription factor binding site')))	binding assay										measurement datum  information content entity	sequence specific DNA binding  transcription factor binding site			
13	FALSE	OBI:0000366	metabolite profiling	metabolite profiling is a process which aims at detecting and identifying chemical entities resulting from biochemical and cellular metabolism	Philippe Rocca-Serra	subclass		assay								specimen	specimen	measurement datum				
16	FALSE	OBI:0000418	measuring glucose concentration in blood serum	An assay that determines the concentration of glucose molecules in a blood serum sample	Person:Bjoern Peters	subclass		analyte assay		blood serum specimen			glucose									
19	FALSE	OBI:0000424	transcription profiling assay	"An assay which aims to provide information about gene expression and transcription activity using ribonucleic acids collected from a material entity using a range of techniques and instrument such as DNA sequencers, DNA microarrays, Northern Blot"	Philippe Rocca-Serra	subclass	assay and (achieves_planned_objective some 'transcription profiling identification objective')	analyte assay					ribonucleic acid			specimen and ('has part' some 'ribonucleic acid')	RNA	measurement datum	gene expression	transcription profiling identification objective		
22	FALSE	OBI:0000433	DNA sequence feature detection	An assay with the objective to determine a sequence feature of DNA	"Philippe Rocca-Serra, Person:Bjoern Peters"	subclass		assay								deoxyribonucleic acid	DNA	measurement datum		sequence feature identification objective		
25	FALSE	OBI:0000435	genotyping assay	An analyte assay which generates data about a genotype from a specimen of genomic DNA. A variety of techniques and instruments can be used to produce information about sequence variation at particular genomic positions.	Philippe Rocca-Serra	subclass	has_specified_output some 'genotype information'	analyte assay					deoxyribonucleic acid			specimen and ('has part' some deoxyribonucleic acid)	DNA	genotype information		sequence feature identification objective		
28	FALSE	OBI:0000438	DNA sequence variation detection	"An assay which aims to find changes (expansion, amplification, deletion, mutation) in a sequence of DNA molecule."	Philippe Rocca-Serra	subclass		assay								deoxyribonucleic acid	DNA	measurement datum		sequence feature identification objective		
31	FALSE	OBI:0000443	analyte assay	"An assay with the objective to capture information about the presence, concentration, or amount of an analyte in an evaluant."	"PERSON:Bjoern Peters, Helen Parkinson, Philippe Rocca-Serra, Alan Ruttenberg"	subclass	achieves_planned_objective some 'analyte measurement objective'	assay										measurement datum				
34	FALSE	OBI:0000445	mass measurement assay	An assay that determines the mass of an evaluant.	Helen Parkinson	subclass		assay		material entity		material entity				material entity	material entity	mass measurement datum				
37	FALSE	OBI:0000447	intra cellular electrophysiology recording	An assay where the recording location of the electrode is intracellular.	PERSON: Frank Gibson	subclass		assay										mass measurement datum	ion channel activity			
40	FALSE	OBI:0000454	extracellular electrophysiology recording	An assay where the recording location of the electrode is extracellular and data.	"PERSON: Frank Gibson, Helen Parkinson"	subclass		assay										mass measurement datum	ion channel activity			
43	FALSE	OBI:0000470	mass spectrometry assay	An assay that identifies the amount and type of material entities present in a sample by fragmenting it and measuring the mass-to-charge ratio of the resulting particles.	Philippe Rocca-Serra	subclass		assay							mass spectrometer  (using has_specified_input)						Specify the function realized in the assay	assay and ((realizes some (function and ('inheres in' some 'mass spectrometer'))) and (has_specified_input some 'mass spectrometer'))
46	FALSE	OBI:0000520	clinical chemistry assay	An analyte assay which uses analytical methods to produce measurements and data on the concentration of chemical parameters (analytes) present in a bodily fluid collected from an organism.	Person: Philippe Rocca-Serra	subclass		analyte assay		material entity			scattered molecular aggregate									
49	FALSE	OBI:0000537	copy number variation profiling	"copy number variation profiling is a process which aims to provide information about lost or amplified genomic regions of DNA by comparing genomic DNA originated from tissues from same or different individuals using specific techniques such as CGH, array CGH, SNP genotyping."	Philippe Rocca-Serra	subclass		assay										measurement datum	genetic characteristics information			
52	FALSE	OBI:0000615	protein expression profiling	"a planned process which aims to provide information about protein expression and translation activity using protein extracts collected from a material entity using a range of techniques and instrument such as Mass spectrometers, Gel electrophoresis, Western Blots, Protein microarrays"	Phlippe Rocca-Serra	subclass		assay														
55	FALSE	OBI:0000623	NMR spectroscopy	NMR spectroscopy is a process which exploits the magnetic properties of certain nuclei (those with a spin) to resonate when placed in particular magnetic field conditions. Instruments recording NMR spectrum and sets of analysis can be used to deduce identity of chemical as well as composition of complex chemical mixtures.	Philippe Rocca-Serra	subclass		assay														
58	FALSE	OBI:0000626	DNA sequencing	DNA sequencing is a sequencing process which uses deoxyribonucleic acid as input and results in a the creation of DNA sequence information artifact using a DNA sequencer instrument.	Philippe Rocca-Serra	subclass	(has_specified_input some ('deoxyribonucleic acid' and ('has role' some 'evaluant role'))) and (has_specified_output some 'DNA sequence data')	sequencing assay				deoxyribonucleic acid			DNA sequencer	deoxyribonucleic acid	DNA	DNA sequence data				
61	FALSE	OBI:0000630	hematology	"An assay studying blood and blood producing organs, relying on a variety of techniques and instruments."	Philippe Rocca-Serra	subclass		assay										information content entity	hemopoiesis			
64	FALSE	OBI:0000634	DNA methylation profiling assay	an assay which aims to provide information about state of methylation of DNA molecules using genomic DNA collected from a material entity using a range of techniques and instrument such as DNA sequencers and often relying on treatment with bisulfites to ensure cytosine conversion.	Philippe Rocca-Serra	subclass	has_specified_output some ('information content entity' and ('is about' some 'regulation of DNA methylation'))	"analyte assay, epigenetic modification assay"					deoxyribonucleic acid			specimen and ('has part' some deoxyribonucleic acid)	DNA	information content entity	regulation of DNA methylation	epigenetic modification identification objective		
67	FALSE	OBI:0000693	MeDIP-seq assay	"is an assay which aims at identifying methylated sites in genomic DNA and determining methylation pattern that affect gene transcription by relying on immunoprecipitation of methylated genomic DNA, creation of a library of corresponding DNA fragments (either single or paired-end fragments) and subsequent sequencing using parallelized sequencing methods."	Philippe Rocca-Serra	subclass		"DNA methylation profiling assay, assay using chromatin immunoprecipitation, sequencing assay"	"immunoprecipitation, library preparation, Helicos sequencing or SOLiD sequencing or Solexa sequencing or pyrosequencing"			deoxyribonucleic acid				deoxyribonucleic acid	DNA	sequence data	"regulation of DNA methylation, primary structure of DNA macromolecule, regulation of DNA methylation"			
70	FALSE	OBI:0000695	chain termination sequencing	"is a DNA sequencing which rely on the use of dideoxynucleotides used in 4 distinct sequencing reaction on the same DNA sample. The dideoxynucleotides, once incorporated in the complementary DNA strand being synthesized by the DNA polymerase prevent any further chain elongation. The newly generated sequences are resolved on a polyacrylamide gel using electrophoresis and labels (either fluorochrome or radioactivity) are used to determine the nucleotide present at a given position"	Philippe Rocca-Serra	subclass		DNA sequencing by synthesis							ABI 377 automated sequencer or Li-Cor 4300 DNA Analysis System	PCR product	PCR product					
73	FALSE	OBI:0000697	Helicos sequencing	A DNA sequencing by synthesis which allows sequence identification of billions of DNA molecules immobilized to a surface by using DNA polymerase and fluorescently labeled nucleotides added one at a time. The sequencing process does not requires amplification step and is typically able to produce reads of 25 base pair length.	Philippe Rocca-Serra	subclass		DNA sequencing by synthesis							HeliScope SIngle Molecule Sequencer							
76	FALSE	OBI:0000699	survival assessment	An assay that measures the occurrence of death events in one or more organisms that are monitored over time		subclass		assay								organism	organism	survival rate	organism			
79	FALSE	OBI:0000706	SOLiD sequencing	"A DNA sequencing by ligation which allows sequence identification by relying on the following steps: 1. Primers hybridize to the P1 adapter sequence within the library template. 2. A set of four fluorescently labeled di-base probes compete for ligation to the sequencing primer. Specificity of the di-base probe is achieved by interrogating every 1st and 2nd base in each ligation reaction. 3. Multiple cycles of ligation, detection, and cleavage are performed with the number of cycles determining the eventual read length. 4. Following a series of ligation cycles, the extension product is removed and the template is reset with a primer complementary to the n-1 position for a second round of ligation cycles."	Philippe Rocca-Serra	subclass		DNA sequencing by ligation							AB SOLiD System	"DNA ligase, paired-end library or single fragment library"	reagent					
82	FALSE	OBI:0000716	ChIP-seq assay	"an assay which aims at identifying protein binding sites in genomic DNA and determining how protein may regulate gene transcription by relying on immunoprecipitation of DNA bound protein, creation of a library of corresponding DNA fragments (either single or paired-end fragments) and subsequent sequencing using parallelized sequencing methods."	Philippe Rocca-Serra	subclass		"assay using chromatin immunoprecipitation, epigenetic modification assay, sequencing assay"	"DNA sequencing, immunoprecipitation, library preparation"				deoxyribonucleic acid		DNA sequencer	specimen and ('has part' deoxyribonecleic acid and protein complex)	DNA  protein complex	information content entity	"chromatin remodeling or regulation of molecular function, epigenetic or sequence-specific DNA binding or transcription factors"	"epigenetic modification identification objective, protein and DNA interaction identification objective"		
85	FALSE	OBI:0000721	glucose tolerance test	"An assay in which following administration of a bolus a glucose in-vivo, glucose clearance from blood plasma is monitored over time by repeated glucose measurement in blood serum. The output is a measure which can be used to evaluate the severity of insulin resistance or the efficiency of glucose clearance."	Philippe Rocca-Serra	subclass		assay	"measuring glucose concentration in blood serum, data transformation. administering substance in vivo"	is_proxy_for some 'Insulin resistance'							information content entity	information content entity  graph	is_proxy_for some 'Insulin resistance'	biological feature identification objective	Include data transformation as part of assay	has part' some ('data transformation' and (has_specified_input some 'measurement datum') and (has_specified_output some graph))
88	FALSE	OBI:0000723	DNA sequencing by ligation	A DNA sequencing which relies on DNA ligase activity to perform chain extension during the sequencing reaction step.		subclass		DNA sequencing								DNA ligase	reagent					
91	FALSE	OBI:0000724	Solexa sequencing	is a DNA sequencing which allows sequence identification by relying on use of DNA polymerase and reversible terminator. The methods requires immobilization of genomic DNA fragment onto a surface and a specific clonal amplification step known as bridge PCR. Reliance on reversible terminator allow cycles of DNA chain extension by DNA polymerase and imaging without the need of electrophoretic separation of newly synthesized DNA fragment as with Sanger sequencing.	Philippe Rocca-Serra	subclass		DNA sequencing by synthesis							Illumina Genome Analyzer II	paired-end library or single fragment library	reagent					
94	FALSE	OBI:0000730	pyrosequencing	"A DNA sequencing by synthesis which allows sequencing of a single strand of DNA by synthesizing the complementary strand one base pair at a time along it and detecting which base was actually added at each step. The template DNA is immobilized and solutions of A, C, G, and T nucleotides are added and removed after the reaction sequentially. Light is produced only when the nucleotide solution complements the first unpaired base of the template. The sequence of solutions which produce chemiluminescent signals allows the determination of the sequence of the template. The ssDNA template is hybridized to a sequencing primer and incubated with the enzymes DNA polymerase, ATP sulfurylase, luciferase and apyrase, and with the substrates adenosine 5-prime phosphosulfate (APS) and luciferin."	Philippe Rocca-Serra	subclass		DNA sequencing by synthesis							454 Genome Sequence 20 or 454 Genome Sequencer FLX							
97	FALSE	OBI:0000734	DNA sequencing by synthesis	A DNA sequencing which relies on DNA polymerase activity to perform chain extension during the sequencing reaction step.	PERSON: Philippe Rocca-Serra	subclass		DNA sequencing								DNA polymerase complex	reagent					
100	FALSE	OBI:0000743	immune response assay	An assay with the objective to determine information about an immune response.		subclass	(has_specified_output some ('measurement datum' and ('is about' some 'immune response'))) and (achieves_planned_objective some 'assay objective')	assay										measurement datum	immune response			
103	FALSE	OBI:0000748	bisulfite sequencing	A DNA sequencing or a DNA methylation profiling by high throughput assay which allows to determine the methylation status of genomic DNA using DNA sequencing techniques preceded by a bisulfite based chemical modification of genomic DNA at CpG island location.	Philippe Rocca-Serra	subclass		"DNA sequencing, DNA methylation profiling by high throughput sequencing assay"	DNA sequencing			deoxyribonucleic acid			DNA sequencer	deoxyribonucleic acid	DNA	measurement datum  DNA sequence data	DNA residue methylation  regulation of DNA methylation	epigenetic modification identification objective		
106	FALSE	OBI:0000787	human antithrombin-III (AT-III) in blood assay	An analyte assay that measures the amount of antithrombin III in blood.	Person:Alan Ruttenberg	subclass		analyte assay					scattered molecular aggregate' and ('has grain' some antithrombin-III)			blood serum specimen	blood serum specimen	scalar measurement datum	blood coagulation			
109	FALSE	OBI:0000802	prothrombin time assay	"An assay most commonly measured using blood plasma. Blood is drawn into a test tube containing liquid citrate, which acts as an anticoagulant by binding the calcium in a sample. The blood is mixed, then centrifuged to separate blood cells from plasma. In newborns, whole blood is used. The plasma is analyzed by a biomedical scientist on an automated instrument at 37 degrees C, which takes a sample of the plasma. An excess of calcium is added (thereby reversing the effects of citrate), which enables the blood to clot again. For an accurate measurement the proportion of blood to citrate needs to be fixed; many laboratories will not perform the assay if the tube is underfilled and contains a relatively high concentration of citrate. If the tube is underfilled or overfilled with blood, the standardized dilution of 1 part anticoagulant to 9 parts whole blood is no longer valid. For the prothrombin time test the appropriate sample is the blue top tube, or sodium citrate tube, which is a liquid anticoagulant. Tissue factor (also known as factor III or thromboplastin) is added, and the time the sample takes to clot is measured optically. Some laboratories use a mechanical measurement, which eliminates interferences from lipemic and icteric samples. The prothrombin ratio is the prothrombin time for a patient, divided by the result for control plasma."	Person:Alan Ruttenberg	subclass		assay								blood serum specimen	blood serum specimen	scalar measurement datum	blood coagulation			
112	FALSE	OBI:0000805	antithrombin-III (AT-III) berichrome assay	"A human antithrombin-III (AT-III) in blood assay in which exogenous bovine thrombin and heparin are added to test plasma to form a thrombin-heparin-AT complex. The residual thrombin not bound then hydrolyzes the p-nitroalanine substrate to produce a yellow color, which is read at 405 nm. The intensity of color produced is inversely proportional to the AT present. A calibration is done with standard human plasma reagent and results for a given specimen are reported as a percentage relative to the standard."		subclass		human antithrombin-III (AT-III) in blood assay										scalar measurement datum			Reagent using participant and (using Thing as output)	(has_specified_output some 'scalar measurement datum') and ('has participant' some 'Berichrom(r) Antithrombin III (A) Kit') and (has_specified_output exactly 1 Thing)
115	FALSE	OBI:0000808	spectrolyse heparin antifactor-Xa assay	"An assay intended for the quantitative determination of therapeutic Heparin in human plasma. The principle inhibitor of Thrombin, Factor Xa and other coagulation serine proteases in plasma is Antithrombin III. Under normal conditions, the rate of inhibition is slow, but can be increased several thousand-fold by Heparin. This mechanism accounts for the anticoagulant effect of Heparin. Low Molecular Weight Therapeutic Heparin (LMWH) preparations appear to catalyze the reaction between Factor Xa and Antithrombin III more readily than the reaction between Thrombin and Antithrombin III while standard Heparin catalyzes both reactions equally. The Factor Xa inhibition test is the most useful test for assaying the widest variety of therapeutic Heparin preparations. In this method, when both Factor Xa and Antithrombin III are present in excess, the rate of Factor Xa inhibition is directly proportional to the Heparin concentration. The residual Factor Xa activity, measured with a Factor Xa-specific chromogenic substrate, is inversely proportional to the Heparin concentration."	Person:Alan Ruttenberg	subclass		assay								blood serum specimen	blood serum specimen	scalar measurement datum	blood coagulation			
118	FALSE	OBI:0000812	measuring neural activity in the caudate nucleus	An extracellular electrophysiology recording measuring neural activity in the caudate nucleus.	Helen Parkinson	subclass		extracellular electrophysiology recording														
121	FALSE	OBI:0000820	activated partial thromboplastin time (aPTT) assay	"An assay measuring the efficacy of both the 'intrinsic' (now referred to as the contact activation pathway) and the common coagulation pathways. In order to activate the intrinsic pathway, phospholipid, an activator (such as silica, celite, kaolin, ellagic acid), and calcium (to reverse the anticoagulant effect of the oxalate) are mixed into the plasma sample. The time is measured until a thrombus (clot) forms."	Person:Alan Ruttenberg	subclass		assay								blood serum specimen	blood serum specimen	scalar measurement datum	blood coagulation			
124	FALSE	OBI:0000823	thrombin time assay	"An assay in which after liberating the plasma from whole blood by centrifugation, bovine Thrombin is added to the sample of plasma. The clot is formed and is detected optically or mechanically by a coagulation instrument. The time between the addition of the thrombin and the clot formation is recorded as the thrombin clotting time."	Person:Alan Ruttenberg	subclass		assay								blood serum specimen	blood serum specimen	scalar measurement datum	blood coagulation			
127	FALSE	OBI:0000860	northern blot analysis	"An analyte assay allowing monitoring presence of gene transcripts by hybridizing labeled RNA or DNA probes against messenger RNAs isolated from tissue or cell cultures, resolved on denaturing agarose gel, transfered by blotting procedure to a nitrocellulose or nylon membrane and immobilized by cross linking or baking to the membrane. Detection of hybridization signals is carried out by immunofluorescence or radioactivity measurements using photographic films or digital imaging devices such as Phosphor Imager."	Person: Philippe Rocca-Serra	subclass		analyte assay			polyA RNA extract			scattered molecular aggregate and ('has grain' only 'nucleic acid')				measurement datum	gene expression			
130	FALSE	OBI:0000865	96-well neutralization assay	A serum neutralization of viral infectivity assay which is done in a 96-well plate.	"person: Melanie Courtot, person: Bjoern Peters"	subclass		serum neutralization of viral infectivity assay														
133	FALSE	OBI:0000870	single-nucleotide-resolution nucleic acid structure mapping assay	An assay which aims to provide information about the secondary structure of nucleic acids using chemical or enzymatic probing to establish the extent of base-pairing or solvent accessiblity.	Person: Philippe Rocca-Serra	subclass	(has_specified_output some ('measurement datum' and ('is about' some 'secondary structure of sequence macromolecule'))) and (achieves_planned_objective some 'assay objective')	assay										measurement datum	secondary structure of a sequence macromolecule			
136	FALSE	OBI:0000871	viral hemagglutination assay	The viral hemagglutination assay (HA) is a quantification of viruses by hemagglutination.	"person: Melanie Courtot, person: Bjoern Peters"	subclass		analyte assay	induced hemagglutination									measurement datum	viruses			
139	FALSE	OBI:0000872	serum neutralization of viral infectivity assay	"An analyte assay where different dilutions of serum are mixed with virus and used to infect cells. At the lower dilutions, antibodies will block infection; but at higher dilutions, there will be too few antibodies to have an effect. The simple process of dilution provides a way to compare the virus- neutralizing abilities of different sera. The neutralization titer is expressed as the reciprocal of the highest dilution at which virus infection is blocked."	"person: Melanie Courtot, person: Bjoern Peters"	subclass		analyte assay														
142	FALSE	OBI:0000875	viral hemagglutination inhibition assay	"An assay that measures the ability of an evaluant to inhibit hemagglutination by a virus. Hemagglutinin is a viral protein which binds to sialic acid receptors on cells or to erythrocytes, causing the cells to clump. Loss of clumping indicates hemagglutination inhibition by the antibody."	Bjoern and Melanie	subclass	assay and (has_specified_input some Viruses) and (has_specified_output some ('is about' some 'induced hemagglutination'))	assay								Viruses	Viruses		induced hemagglutination			
145	FALSE	OBI:0000892	Southern blot analysis	"An analyte assay used in molecular biology to assert the presence/absence status of a specific DNA sequence in DNA samples. DNA samples to be assayed are first digested by restriction enzymes, fragments are then resolved by gel electrophoresis, followed by a blotting to ensure transfer to nitrocellulose or nylon membrane. Immobilization of DNA fragments to the membrane is achieved by UV crosslinking and/or baking. Probes raised against the specific sequences are then hybridized to the membrane. Detection of hybridization signals is carried out by immunofluorescence or radioactivity measurements using photographic films or digital imaging devices such as Phosphor Imager."	Person: Philippe Rocca-Serra	subclass		analyte assay			high molecular weight DNA extract			scattered molecular aggregate' and ('has grain' only 'nucleic acid')				measurement datum	site			
148	FALSE	OBI:0000893	real time polymerase chain reaction assay	"An assay based on the PCR, which is used to amplify and simultaneously quantify a specific DNA molecule based on the use of complementary probes/primers. It enables both detection and quantification (as absolute number of copies or relative amount when normalized to DNA input or additional normalizing genes) of one or more specific sequences in a DNA sample."	"person: Melanie Courtot, person: Bjoern Peters"	subclass		assay	polymerase chain reaction													
151	FALSE	OBI:0000897	DEPC structure mapping assay	"A single-nucleotide-resolution nucleic acid structure mapping assay which uses DEPC as reagent and chemical probe to generate data and information at nucleotide resolution scale, contributing to the determination of nucleic acid secondary structure."	Person: Philippe Rocca-Serra	subclass		single-nucleotide-resolution nucleic acid structure mapping assay using chemical probing								deoxyribonucleic acid or ribonucleic acid	DNA or RNA	measurement datum	secondary structure of sequence macromolecule			
154	FALSE	OBI:0000911	real time reverse-transcription polymerase chain reaction assay	An assay preceded by a reverse transcription step where a RNA strand is reverse transcribed into its DNA complement using the enzyme reverse transcriptase.	"PERSON: Bjoern Peters, PERSON: Melanie Courtot"	subclass	assay and ('has part' some ('real time polymerase chain reaction assay' and ('immediately preceded by' some 'artificially induced reverse transcription'))) and ('immediately preceded by' some 'artificially induced reverse transcription')	assay	real time polymerase chain reaction assay  artificially induced reverse transcription									information content entity	gene expression		We defined assay with different output. Is it good to define one assay has part another assay? Or better another planned process without defining output.  artificially induced reverse transcription	
157	FALSE	OBI:0000944	handedness assay	An assay that measures the unequal distribution of fine motor skill between the left and right hands typically in human subjects by means of some questionnaire and scoring procedure.	Helen Parkinson	subclass	assay and (has_specified_output some ('measurement datum' and ('is about' some handedness)))	assay										measurement datum	handedness			
160	FALSE	OBI:0000957	self reported handedness assessment	A handedness assay in which a person makes a statement that indicates what handedness he has from a choice of different categories.		subclass		handedness assay										categorical measurement datum	handedness			
163	FALSE	OBI:0000964	in live cell assay	An assay in which a measurement is made by observing entities located in a live cell.		subclass		assay														
166	FALSE	OBI:0000966	in live organism assay	An assay in which a measurement is made by observing entities located in an organism.	PERSON:Bjoern Peters	subclass	assay and ('has participant' some ('located in' some (organism and ('has quality' some alive))))	assay														
169	FALSE	OBI:0000978	in container assay	An assay in which a measurement is made by observing entities located in a container.		subclass		assay														
172	FALSE	OBI:0001001	Edinburgh handedness assay	"An assay in which a set of questions, the Edinburgh Handedness inventory, is asked and the answers to these questions are turned into a score used to assess the dominance of a person's right or left hand in everyday activities. The inventory can be used by an observer assessing the person or by a person self-reporting hand use. The latter method tends to be less reliable due to a person over-attributing tasks to the dominant hand."	"PERSON:Jessica Turner, Person:Alan Ruttenberg"	subclass		handedness assay								Edinburgh handedness inventory	data item	Edinburgh score				
175	FALSE	OBI:0001005	RNASE CL3 structure mapping assay	A single-nucleotide-resolution ribonucleic acid structure mapping assay which uses RNAse CL3 as reagent and enzymatic probe to generate data and information at nucleotide resolution scale contributing to the determination of nucleic acid secondary structure.	Person:Philippe Rocca-Serra	subclass		single-nucleotide-resolution nucleic acid structure mapping assay using enzymatic probing								ribonucleic acid	RNA	measurement datum	secondary structure of RNA molecule			
178	FALSE	OBI:0001006	CMCT structure mapping assay	"A single-nucleotide-resolution nucleic acid structure mapping assay which uses CMCT as reagent and chemical probe to generate data and information at nucleotide resolution scale, contributing to the determination of nucleic acid secondary structure."	Person: Philippe Rocca-Serra	subclass		single-nucleotide-resolution nucleic acid structure mapping assay using chemical probing								deoxyribonucleic acid or ribonucleic acid	DNA or RNA	measurement datum	secondary structure of sequence macromolecule			
181	FALSE	OBI:0001008	MPE-Fe(II) structure mapping assay	"A single-nucleotide-resolution ribonucleic acid structure mapping assay which uses Fe-MP as reagent and chemical probe to generate data and information at nucleotide resolution scale, contributing to the determination of nucleic acid secondary structure."	Person: Philippe Rocca-Serra	subclass		single-nucleotide-resolution nucleic acid structure mapping assay using chemical probing								ribonucleic acid	RNA	measurement datum	secondary structure of RNA molecule			
184	FALSE	OBI:0001011	ENU structure mapping assay	"A single-nucleotide-resolution nucleic acid structure mapping assay which uses ENU as reagent and chemical probe to generate data and information at nucleotide resolution scale, contributing to the determination of nucleic acid secondary structure."	Person: Philippe Rocca-Serra	subclass		single-nucleotide-resolution nucleic acid structure mapping assay using chemical probing								deoxyribonucleic acid or ribonucleic acid	DNA or RNA	measurement datum	secondary structure of RNA molecule			
187	FALSE	OBI:0001012	RNASE V1 structure mapping assay	"A single-nucleotide-resolution ribonucleic acid structure mapping assay which uses RNAse V1 as reagent and enzymatic probe to generate data and information at nucleotide resolution scale, contributing to the determination of nucleic acid secondary structure."	Person:Philippe Rocca-Serra	subclass		single-nucleotide-resolution nucleic acid structure mapping assay using enzymatic probing								ribonucleic acid	RNA	measurement datum	secondary structure of RNA molecule			
190	FALSE	OBI:0001013	kethoxal structure mapping assay	"A single-nucleotide-resolution nucleic acid structure mapping assay which uses kethoxal as reagent and chemical probe to generate data and information at nucleotide resolution scale, contributing to the determination of nucleic acid secondary structure"	Person: Philippe Rocca-Serra	subclass		single-nucleotide-resolution nucleic acid structure mapping assay using chemical probing								deoxyribonucleic acid or ribonucleic acid	DNA or RNA	measurement datum	secondary structure of sequence macromolecule			
193	FALSE	OBI:0001014	single-nucleotide-resolution nucleic acid structure mapping assay using enzymatic probing	"A single-nucleotide-resolution nucleic acid structure mapping assay which relies on proteins acting as enzymatic probes in order to produce measurement information which, once interpreted, provides structural information about the RNA species under study."	Person: Philippe Rocca-Serra	subclass	realizes some ('catalytic activity' and ('inheres in' some protein))	single-nucleotide-resolution nucleic acid structure mapping assay														
196	FALSE	OBI:0001015	DMS structure mapping assay	"A single-nucleotide-resolution nucleic acid structure mapping assay which uses DMS as reagent and chemical probe to generate data and information at nucleotide resolution scale, contributing to the determination of nucleic acid secondary structure."	Person: Philippe Rocca-Serra	subclass		single-nucleotide-resolution nucleic acid structure mapping assay using chemical probing								deoxyribonucleic acid or ribonucleic acid	DNA or RNA	measurement datum	secondary structure of sequence macromolecule			
199	FALSE	OBI:0001016	DNASE 1 structure mapping assay	"A single-nucleotide-resolution deoxyribonucleic acid structure mapping assay which uses DNAse 1 as reagent and enzymatic probe to generate data and information at nucleotide resolution scale, contributing to the determination of nucleic acid secondary structure."	Person:Philippe Rocca-Serra	subclass		single-nucleotide-resolution nucleic acid structure mapping assay using enzymatic probing								deoxyribonucleic acid	DNA	measurement datum	secondary structure of sequence macromolecule			
202	FALSE	OBI:0001017	single-nucleotide-resolution nucleic acid structure mapping assay using chemical probing	"A single-nucleotide-resolution nucleic acid structure mapping assay which relies on small chemical compounds acting as chemical probes in order to produce measurement information which, once interpreted, provides structural information about the RNA species under study."	Person: Philippe Rocca-Serra	subclass	(realizes some ('reagent role' and ('inheres in' some ('molecular entity' or 'nucleic acid')))) and (has_specified_output some ('measurement datum' and ('is about' some 'secondary structure of sequence macromolecule')))	single-nucleotide-resolution nucleic acid structure mapping assay										measurement datum	secondary structure of sequence macromolecule		specified 'reagent role'	
205	FALSE	OBI:0001018	Rhodium DNA structure mapping assay	"A single-nucleotide-resolution nucleic acid structure mapping assay which uses Rhodium as reagent and chemical probe to generate data and information at nucleotide resolution scale, contributing to the determination of nucleic acid secondary structure."	Person:Philippe Rocca-Serra	subclass		single-nucleotide-resolution nucleic acid structure mapping assay using chemical probing								deoxyribonucleic acid or ribonucleic acid	DNA or RNA	measurement datum	secondary structure of sequence macromolecule			
208	FALSE	OBI:0001019	RNA ADA I RNA structure mapping assay	"A single-nucleotide-resolution ribonucleic acid structure mapping assay which uses RNA adenosine deaminase I as reagent and enzymatic probe to generate data and information at nucleotide resolution scale, contributing to the determination of nucleic acid secondary structure."	Person: Philippe Rocca-Serra	subclass		single-nucleotide-resolution nucleic acid structure mapping assay using enzymatic probing								ribonucleic acid	RNA	measurement datum	secondary structure of RNA molecule			
211	FALSE	OBI:0001020	Lead structure mapping assay	"A single-nucleotide-resolution nucleic acid structure mapping assay which uses lead as reagent and chemical probe to generate data and information at nucleotide resolution scale, contributing to the determination of nucleic acid secondary structure."	Person:Philippe Rocca-Serra	subclass		single-nucleotide-resolution nucleic acid structure mapping assay using chemical probing								deoxyribonucleic acid or ribonucleic acid	DNA or RNA	measurement datum	secondary structure of sequence macromolecule			
214	FALSE	OBI:0001021	RNASE T2 structure mapping assay	"A single-nucleotide-resolution ribonucleic acid structure mapping assay which uses RNAse T2 as reagent and enzymatic probe to generate data and information at nucleotide resolution scale, contributing to the determination of nucleic acid secondary structure."	Person:Philippe Rocca-Serra	subclass		single-nucleotide-resolution nucleic acid structure mapping assay using enzymatic probing								ribonucleic acid	RNA	measurement datum	secondary structure of RNA molecule			
217	FALSE	OBI:0001022	gene dosage assay	An assay of changes in phenotype due to increased or decreased dosage of a single allele of a gene.	PERSON: Bjoern Peters	subclass		assay														
220	FALSE	OBI:0001023	Fe-BABE RNA structure mapping assay	"A single-nucleotide-resolution ribonucleic acid structure mapping assay which uses Fe-BABE as reagent and chemical probe to generate data and information at nucleotide resolution scale, contributing to the determination of nucleic acid secondary structure."	Person:Philippe Rocca-Serra	subclass		single-nucleotide-resolution nucleic acid structure mapping assay using chemical probing								ribonucleic acid	RNA	measurement datum	secondary structure of RNA molecule			
223	FALSE	OBI:0001024	RNASE U2 structure mapping assay	"A single-nucleotide-resolution ribonucleic acid structure mapping assay which uses RNAase U2 as reagent and enzymatic probe to generate data and information at nucleotide resolution scale, contributing to the determination of nucleic acid secondary structure."	Person:Philippe Rocca-Serra	subclass		single-nucleotide-resolution nucleic acid structure mapping assay using enzymatic probing								ribonucleic acid	RNA	measurement datum	secondary structure of RNA molecule			
226	FALSE	OBI:0001025	binding constant determination assay	A binding assay where the specified output is a binding constant.	"PERSON: Bjoern Peters, Randi Vita, Jason Greenbaum"	subclass	binding assay' and (has_specified_output some 'binding constant')	binding assay										binding constant				
229	FALSE	OBI:0001026	NMIA RNA structure mapping assay	"A single-nucleotide-resolution ribonucleic acid structure mapping assay which uses NMIA as reagent and chemical probe to generate data and information at nucleotide resolution scale, contributing to the determination of nucleic acid secondary structure."	Person:Philippe Rocca-Serra	subclass		single-nucleotide-resolution nucleic acid structure mapping assay using chemical probing								ribonucleic acid	RNA	measurement datum	secondary structure of RNA molecule			
232	FALSE	OBI:0001027	Terbium RNA structure mapping assay	"A single-nucleotide-resolution nucleic acid structure mapping assay which uses Terbium as reagent and chemical probe to generate data and information at nucleotide resolution scale, contributing to the determination of nucleic acid secondary structure."	Person:Philippe Rocca-Serra	subclass		single-nucleotide-resolution nucleic acid structure mapping assay using chemical probing								ribonucleic acid	RNA	measurement datum	secondary structure of RNA molecule			
235	FALSE	OBI:0001029	OH-radical structure mapping assay	"A single-nucleotide-resolution nucleic acid structure mapping assay which uses hydroxyl radical as reagent and chemical probe to generate data and information at nucleotide resolution scale, contributing to the determination of nucleic acid secondary structure."	Person:Philippe Rocca-Serra	subclass		single-nucleotide-resolution nucleic acid structure mapping assay using chemical probing								deoxyribonucleic acid or ribonucleic acid	DNA or RNA	measurement datum	secondary structure of sequence macromolecule			
238	FALSE	OBI:0001030	RNASE T1 structure mapping assay	"A single-nucleotide-resolution ribonucleic acid structure mapping assay which uses RNAse T1 as reagent and enzymatic probe to generate data and information at nucleotide resolution scale, contributing to the determination of nucleic acid secondary structure."	Person:Philippe Rocca-Serra	subclass		single-nucleotide-resolution nucleic acid structure mapping assay using enzymatic probing								ribonucleic acid	RNA	measurement datum	secondary structure of RNA molecule			
241	FALSE	OBI:0001035	Nuclease S1 structure mapping assay	"A single-nucleotide-resolution deoxyribonucleic acid structure mapping assay which uses DNAse 1 as reagent and enzymatic probe to generate data and information at nucleotide resolution scale, contributing to the determination of nucleic acid secondary structure."	Person: Philippe Rocca-Serra	subclass		single-nucleotide-resolution nucleic acid structure mapping assay using enzymatic probing								ribonucleic acid	RNA	measurement datum	secondary structure of sequence macromolecule			
244	FALSE	OBI:0001038	Ruthenium structure mapping assay	"A single-nucleotide-resolution nucleic acid structure mapping assay which uses Rhutenium as reagent and chemical probe to generate data and information at nucleotide resolution scale, contributing to the determination of nucleic acid secondary structure."	Person:Philippe Rocca-Serra	subclass		single-nucleotide-resolution nucleic acid structure mapping assay using chemical probing								deoxyribonucleic acid or ribonucleic acid	DNA or RNA	measurement datum	secondary structure of RNA molecule			
247	FALSE	OBI:0001039	inline probing RNA structure mapping	"A single-nucleotide-resolution ribonucleic acid structure mapping assay which uses intromolecular reactivity to generate data and information at nucleotide resolution scale, contributing to the determination of nucleic acid secondary structure."	Person: Philippe Rocca-Serra	subclass		single-nucleotide-resolution nucleic acid structure mapping assay using chemical probing								ribonucleic acid	RNA	measurement datum	secondary structure of RNA molecule			
250	FALSE	OBI:0001146	binding assay	An assay with the objective to characterize the disposition of two or more material entities to form a complex.	"PERSON:Bjoern Peters, Randi Vita, Jason Greenbaum"	subclass	assay and (has_specified_output some ('is about' some binding))	assay										binding datum				
253	FALSE	OBI:0001158	age measurement assay	"An assay that measures the duration of temporal interval of a process that is part of the life of the bearer, where the initial time point of the measured process is the beginning of some transitional state of the bearer, such as birth or when planted."	PERSON: Alan Ruttenberg	subclass		assay										age measurement datum				
256	FALSE	OBI:0001170	reverse transcription polymerase chain reaction assay	"An assay that evaluates the concentration of RNA in a sample in which an RNA strand is first reverse transcribed into its DNA complement (complementary DNA, or cDNA) using the enzyme reverse transcriptase, and the resulting cDNA is amplified using traditional or real-time PCR."	"PERSON: Chris Stoeckert, Jie Zheng"	subclass		assay	reverse transcribed polymerase chain reaction			ribonucleic acid				ribonucleic acid	RNA	information content entity	gene expression			
259	FALSE	OBI:0001177	RNA sequencing	A sequencing assay which uses ribonucleic acid as input and results in a the creation of RNA sequence information artifact.	Bjoern Peters	subclass	(has_specified_input some ('ribonucleic acid' and ('has role' some 'evaluant role'))) and (has_specified_output some ('information content entity' and ('is about' some 'primary structure of RNA molecule')))	sequencing assay				ribonucleic acid				ribonucleic acid	RNA	information content entity	primary structure of RNA molecule			
262	FALSE	OBI:0001187	infectious agent detection assay	An assay in which the presence or amount of an infectious agent in an input material is detected in an evaluant.	"Bjoern Peters, Randi Vita, Jason Greenbaum"	subclass		assay														
265	FALSE	OBI:0001221	ChIP-chip by SNP array assay	A ChIP-chip assay where chromatin immunoprecipitation (ChIP) is used in combination with SNP microarray technology.	Group: ArrayExpress production team	subclass		ChIP-chip assay							SNP microarray							
268	FALSE	OBI:0001235	transcription profiling by tiling array assay	A transcription profiling assay in which the transcriptome of a biological sample is analysed using a tiling path array.	Person: James Malone	subclass		transcription profiling assay					ribonucleic acid		tiling microarray	specimen and ('has part' some ribonucleic acid)	RNA	measurement datum	gene expression	transcription profiling identification objective		
271	FALSE	OBI:0001247	genotyping by high throughput sequencing assay	A genotyping assay in which high througput sequencer is used to detect polymorphisms in DNA samples.	Person: James Malone	subclass		genotyping assay							DNA sequencer							
274	FALSE	OBI:0001248	ChIP-chip assay	"An assay that aims to investigate the interactions between protein and DNA relying on chromatin immunoprecipitation ('ChIP') combined with microarray technology ('chip'). Specially, it allows the identification of protein binding sites on a genome-wide basis."	Person: James Malone	subclass		assay using chromatin immunoprecipitation	immunoprecipitation				deoxyribonucleic acid		DNA microarray	specimen and ('has part' some 'deoxyribonucleic acid') and ('has part' some 'protein complex')	DNA and protein complex	information content entity	"chromatin remodeling or regulation of molecular function, epigenetic or sequence-specific DNA binding or 'transcription factor binding site"	protein and DNA interaction identification objective		
277	FALSE	OBI:0001266	DNA methylation profiling by high throughput sequencing assay	A DNA methylation profiling assay in which the methylation state of DNA is determined and is compared between samples using sequencing based technology.	"Group: ArrayExpress production team, James Malone, Helen Parkinson"	subclass		DNA methylation profiling assay							DNA sequencer							
280	FALSE	OBI:0001271	RNA-seq assay	"A transcription profiling or sequencing assay in which sequencing technology (e.g. Solexa/454) is used to generate RNA sequence, analyse the transcibed regions of the genome, and/or to quantitate transcript abundance."	PERSON: James Malone	subclass		"transcription profiling assay, sequencing assay"					ribonucleic acid		DNA sequencer	specimen and ('has part' some ribonucleic acid)	RNA	sequence data	gene expression	transcription profiling identification objective		
283	FALSE	OBI:0001274	genotyping by array assay	A genotyping assay in which an array is used to detect polymorphisms in DNA samples.	Group: ArrayExpress production team	subclass		genotyping assay							DNA microarray							
286	FALSE	OBI:0001282	translation profiling assay	"An analyte assay in which surface-bound, translationally competent ribosome complexes are used to generate a translation profile for mRNA. mRNA may be a single molecular species or a combination of species, including complex mixtures such as those found in the set of mRNAs isolated from a cell or tissue. One or more components of the surface-bound ribosome complex may be labeled at specific positions to permit analysis of multiple or single molecules for determination of ribosomal conformational changes and translation kinetics. Translation profiles are used as the basis for comparison of an mRNA or set of mRNA species. The translation profile can be used to determine such characteristics as kinetics of initiation, kinetic of elongation, identity of the polypeptide product, and the like. Analysis of translation profiles may be used to determine differential gene expression, optimization of mRNA sequences for expression, and screening drug candidates for an effect on translation."	PERSON: James Malone	subclass		analyte assay					ribonucleic acid							molecular feature identification objective		
289	FALSE	OBI:0001304	RNAi profiling by array assay	"An analyte assay in which double stranded RNA is synthesized with a sequence complementary to a gene(s) of interest and introduced into a cell or organism. It is then recognized as exogenous genetic material and activates the RNAi pathway, resulting in knockdown of the transcripts and providing a means to study downstream changes in gene expression."	PERSON: James Malone	subclass		analyte assay					ribonucleic acid		DNA microarray					molecular feature identification objective		
292	FALSE	OBI:0001318	proteomic profiling by array assay	"An analyte assay where proteins in a sample are detected, quantified, or otherwise analysed, e.g. antibody profiling using an array based technology."	Person: James Malone	subclass		analyte assay					protein		protein microarray	specimen and ('has part' some protein)	protein			molecular feature identification objective		
295	FALSE	OBI:0001332	DNA methylation profiling by array assay	A DNA methylation profiling assay in which the methylation state of DNA is determined and compared between samples using array technology.	Person: James Malone	subclass		DNA methylation profiling assay							DNA microarray							
298	FALSE	OBI:0001335	microRNA profiling by array assay	A microRNA profiling assay in which a microRNA array is used to analyse the microRNA component of the transcriptome.	PERSON: James Malone	subclass		microRNA profiling assay					ribonucleic acid		DNA microarray	specimen and ('has part' some ribonucleic acid)	RNA	measured expression level	miRNA	transcription profiling identification objective		
301	FALSE	OBI:0001361	transcription profiling by RT-PCR assay	An transcription profiling assay in which the transcriptome of a biological sample is analysed by reverse transcription PCR (RT-PCR).	Person: Anna Farne	subclass		transcription profiling assay	reverse transcribed polymerase chain reaction				ribonucleic acid		PCR instrument	specimen and ('has part' some ribonucleic acid)	RNA	measurement datum	gene expression	transcription profiling identification objective		
304	FALSE	OBI:0001393	comparative genomic hybridization by array assay	"A genotyping assay in which changes in DNA sequence copy number are analysed using a microarray. For example, the analysis of LOH in tumor cells vs a non diseased sample or the comparison of clinical isolated of disease causing bacteria."	Person: James Malone	subclass		genotyping assay					deoxyribonucleic acid		DNA microarray	specimen and ('has part' some deoxyribonucleic acid)	DNA	genotype information		molecular feature identification objective		
307	FALSE	OBI:0001419	ChIP-chip by tiling array assay	A ChIP-chip assay where chromatin immunoprecipitation (ChIP) is used in combination with tiling microarray technology.	Group: ArrayExpress production team	subclass		ChIP-chip assay							tiling microarray							
310	FALSE	OBI:0001463	transcription profiling by array assay	A transcription profiling assay in which the transcriptome of a biological sample is analysed using array technology.	Person: James Malone	subclass		transcription profiling assay					ribonucleic acid		DNA microarray	specimen and ('has part' some ribonucleic acid)	RNA	measurement datum	gene expression	transcription profiling identification objective		
313	FALSE	OBI:0001491	radioactivity detection binding assay	A binding assay that uses radioactivity detection as an indicator of binding.	"PERSON:Bjoern Peters, Randi Vita"	subclass		binding assay	radioactivity detection													
316	FALSE	OBI:0001499	fluorescence detection binding assay	A binding assay that uses fluorescence detection as an indicator of binding.	"PERSON:Bjoern Peters, Randi Vita"	subclass		binding assay	radioactivity detection													
319	FALSE	OBI:0001591	direct binding assay	A binding assay that measures the formation or disassociation of a complex of two material entities directly without use of a competitve ligand.	"PERSON:Bjoern Peters, Randi Vita"	subclass		binding assay														
322	FALSE	OBI:0001624	organism identification assay	An assay that identifies the organism species in a specimen.	"Person: Chris Stoeckert, Jie Zheng"	subclass	assay and (achieves_planned_objective some 'organism identification objective')	assay								specimen and ('has part' some organism)	organism	information content entity	organism	organism identification objective		
325	FALSE	OBI:0001668	split-ubiquitin assay	"A binding assay that is a kind of yeast 2 hybrid system which enables membrane soluble proteins to be screened. Two integral membrane proteins to be studied are fused to two different ubiquitin moieties: a C-terminal ubiquitin moiety (\""Cub\"", residues 3576) and an N-terminal ubiquitin moiety (\""Nub\"", residues 134). These fused proteins are called the bait and prey, respectively. In addition to being fused to an integral membrane protein, the Cub moiety is also fused to a transcription factor (TF) that can be cleaved off by ubiquitin specific proteases. Upon baitprey interaction, Nub and Cub-moieties assemble, reconstituting the split-ubiquitin. The reconstituted split-ubiquitin molecule is recognized by ubiquitin specific proteases, which cleave off the reporter protein, allowing it to induce the transcription of reporter genes."	PERSON:Philippe Rocca-Serra; Marcus Chibucos	subclass		binding assay								genetically modified material	genetically modified material	data item	protein domain specific binding	protein and DNA interaction identification objective		
328	FALSE	OBI:0001669	far-Western blot	"A binding assay that is an adaptation on the western blot assay to explore protein-protein interaction. The assay involves separating target proteins on an SDS-PAGE gel, blotting to a membrane, hybridization with a protein probe, and visualization using a probe-directed antibody."	PERSON:Philippe Rocca-Serra; Marcus Chibucos	subclass	(assay and (has_specified_input some 'protein complex') and (has_specified_output some ('data item' and ('is about' some 'protein domain specific binding')))) and (achieves_planned_objective some 'assay objective')	binding assay								protein complex	protein complex	data item	protein domain specific binding			
331	FALSE	OBI:0001670	RNA protection assay	"An assay to assess the presence and estimate abundance of transcript species by first creating an homo or heteroduplex by adding a specific, complementary sequence to the sequence of interest and then exposing the mixture of ribonuclease, which will degrade only single stranded molecules. A detection step will reveal if the sample contained a sequence of interest."	PERSON:Philippe Rocca-Serra; Marcus Chibucos	subclass		assay								RNA extract	RNA	data item	gene expression			
334	FALSE	OBI:0001671	electrophoretic mobility shift assay	is an assay which aims to provide information about Protein-DNA or Protein-RNA interaction and which used gel electrophoresis and relies on the fact the molecular interactions will cause the heterodimer to be retarded on the gel when compared to controls corresponding to protein extract alone and protein extract + neutral nucleic acid.	PERSON:Philippe Rocca-Serra; Marcus Chibucos	subclass	(assay and (has_specified_input some 'RNA extract') and (has_specified_output some ('data item' and ('is about' some 'sequence-specific DNA binding')))) and (achieves_planned_objective some 'assay objective')	binding assay								RNA extract	RNA	data item	Sequence-specific DNA binding			
337	FALSE	OBI:0001672	gene knock-down assay	An assay which transiently disrupts gene transcripts by expressing antisense RNA constructs or delivering RNA interfering molecules in cells.	PERSON:Philippe Rocca-Serra; Marcus Chibucos	subclass	(assay and (has_specified_input some 'cultured cell population') and (has_specified_output some ('data item' and ('is about' some molecular_function)))) and (achieves_planned_objective some 'assay objective')	assay								cultured cell population	cell	data item	molecular function			
340	FALSE	OBI:0001673	nano-cap analysis of gene expression	nano-CAGE is a type of CAGE developed to work from very low amount (nanogram scale) of mRNA samples	PERSON:Philippe Rocca-Serra; Marcus Chibucos	subclass		transcription profiling assay								RNA extract	RNA	data item	gene expression	transcription profiling identification objective		
343	FALSE	OBI:0001674	cap analysis of gene expression	"An assay which aims at monitoring RNA transcript abundances in biological samples by extracting 5' ends of capped transcripts, RTPCR and sequence those. Copy numbers of CAGE tags provide a way of quantification and provide a measure of expression of the transcriptome"	PERSON:Philippe Rocca-Serra; Marcus Chibucos	subclass		"transcription profiling assay, sequencing assay"	"reverse transcribed polymerase chain reaction, DNA sequencing"						DNA sequencer	RNA extract	RNA	sequence data	gene expression	transcription profiling identification objective		
346	FALSE	OBI:0001679	yeast 2-hybrid	"yeast 2 hybrid screen is an assay meant to discover proteinprotein interactions and proteinDNA interactions by testing for physical interactions (such as binding) between two proteins or a single protein and a DNA molecule, respectively. The premise behind the test is the activation of downstream reporter gene(s) by the binding of a transcription factor onto an upstream activating sequence (UAS). For two-hybrid screening, the transcription factor is split into two separate fragments, called the binding domain (BD) and activating domain (AD). The BD is the domain responsible for binding to the UAS and the AD is the domain responsible for the activation of transcription.[1][2] The Y2H is thus a protein-fragment complementation assay."	PERSON:Philippe Rocca-Serra; Marcus Chibucos	subclass		binding assay								genetically modified material	genetically modified material	data item	protein domain specific binding	protein and DNA interaction identification objective		
349	FALSE	OBI:0001680	Sos-recruitment assay	"A binding assay that is a kind of yeast 2 hybrid system where mammalian guanyl nucleotide exchange factor (GEF) Sos is recruited to the Saccharomyces cerevisiae plasma membrane harboring a temperature-sensitive Ras GEF, Cdc25-2, allowing growth at the nonpermissive temperature. Using the Sos recruitment system, interacting proteins for targeted domain can be detected."	PERSON:Philippe Rocca-Serra; Marcus Chibucos	subclass		binding assay								genetically modified material	genetically modified material	data item	protein domain specific binding	protein and DNA interaction identification objective		
352	FALSE	OBI:0001681	yeast one-hybrid	The one-hybrid variation of this technique is designed to investigate proteinDNA interactions and uses a single fusion protein in which the AD is linked directly to the binding domain.	PERSON:Philippe Rocca-Serra; Marcus Chibucos	subclass	(assay and (has_specified_input some 'genetically modified material') and (has_specified_output some ('data item' and ('is about' some 'sequence-specific DNA binding')))) and (achieves_planned_objective some 'assay objective')	binding assay								genetically modified material	genetically modified material	data item	sequence-specific DNA binding			
355	FALSE	OBI:0001682	bacterial one-hybrid	"A yeast one-hybrid method for identifying the sequence-specific target site of a DNA-binding domain. In this system, a given transcription factor (TF) is expressed as a fusion to a subunit of RNA polymerase. In parallel, a library of randomized oligonucleotides representing potential TF target sequences is cloned into a separate vector containing the selectable genes HIS3 and URA3. If the DNA-binding domain (bait) binds a potential DNA target site (prey) in vivo, it will recruit RNA polymerase to the promoter and activate transcription of the reporter genes in that clone. The two reporter genes, HIS3 and URA3, allow for positive and negative selections, respectively. At the end of the process, positive clones are sequenced and examined with motif-finding tools in order to resolve the favoured DNA target sequence."	PERSON:Philippe Rocca-Serra; Marcus Chibucos	subclass	(assay and (has_specified_input some 'genetically modified material') and (has_specified_output some ('data item' and ('is about' some 'sequence-specific DNA binding')))) and (achieves_planned_objective some 'protein and DNA interaction identification objective')	yeast one-hybrid								genetically modified material	genetically modified material	data item	sequence-specific DNA binding	protein and DNA interaction identification objective		
358	FALSE	OBI:0001683	chromosome organization assay by fluorescence in-situ hybridization	An in-situ hybridization assay that uses fluorescence as a means of detection chromosomal integrity.	PERSON:Philippe Rocca-Serra; Marcus Chibucos	subclass	('in-situ hybridization' and (has_specified_input some 'binding constant') and (has_specified_output some ('data item' and ('is about' some 'chromosome organization')))) and (achieves_planned_objective some 'biological feature identification objective')	in-situ hybridization								binding constant	data item	data item	chromosome organization	biological feature identification objective		
361	FALSE	OBI:0001684	methylation-specific polymerase chain reaction	"is an assay which uses initial modification of DNA by sodium bisulfite, converting all unmethylated, but not methylated, cytosines to uracil, and subsequent amplification with primers specific for methylated versus unmethylated DNA."	PERSON:Philippe Rocca-Serra; Marcus Chibucos	subclass		assay										data item	regulation of DNA methylation			
364	FALSE	OBI:0001685	amplification of intermethylated sites (AIMS) assay	amplification of intermethylated sites (AIMS) is an assay appropriate for genome-wide estimates of DNA methylation and the discovery of specific methylated sequences. AIMS is based on the differential enzymatic digestion of genomic DNA with methylation-sensitive and methylation-insensitive isoschizomers followed by restrained PCR amplification of methylated sequences.	PERSON:Philippe Rocca-Serra; Marcus Chibucos	subclass	(assay and (has_specified_input some 'high molecular weight DNA extract') and (has_specified_output some ('data item' and ('is about' some 'regulation of DNA methylation')))) and (achieves_planned_objective some 'epigenetic modification identification objective')	DNA methylation profiling assay								high molecular weight DNA extract	DNA	data item	regulation of DNA methylation	epigenetic modification identification objective		
367	FALSE	OBI:0001686	in-situ hybridization	An assay using artificially induced nucleic hybridization to localize a specific DNA or RNA sequence in a portion or section of tissue.	PERSON:Philippe Rocca-Serra; Marcus Chibucos	subclass	(assay and (has_specified_input some 'labeled nucleic acid extract') and (has_specified_output some ('data item' and ('is about' some 'macromolecule localization')))) and (achieves_planned_objective some 'biological feature identification objective')	assay								labeled nucleic acid extract	nucleic acid	data item	macromolecule localization	biological feature identification objective		
370	FALSE	OBI:0001689	cytochalasin-induced inhibition of actin polymerization assay	is an assay which uses compound cytochalasin (CHEBI: 23528) to block actin polymerization-dependent cell motility (GO:0070358) and actin filament polymerization (GO:0030041).	PERSON:Philippe Rocca-Serra; Marcus Chibucos	subclass	(assay and (has_specified_input some cytochalasin) and (has_specified_output some ('data item' and ('is about' some 'actin filament polymerization')))) and (achieves_planned_objective some 'biological feature identification objective')	assay								cytochalasin	cytochalasin	data item	actin filament polymerization	biological feature identification objective		
373	FALSE	OBI:0001848	chromatin interaction analysis by paired-end tag sequencing	"An assay that incorporates chromatin immunoprecipitation (ChIP)-based enrichment, chromatin proximity ligation, Paired-End Tags, and high-throughput sequencing to determine de novo long-range chromatin interactions genome-wide."	"Person: Venkat Malladi, Chris Stoeckert, Jie Zheng"	subclass		"assay using chromatin immunoprecipitation, sequencing assay"	"DNA sequencing, immunoprecipitation, cross linking, paired-end library preparation"			protein complex			DNA sequencer	protein complex	protein complex	DNA sequence data		protein and DNA interaction identification objective		
376	FALSE	OBI:0001849	structural analysis by paired-end tag sequencing	A DNA sequencing that incorporates paired-end tags and sequencing technology to determine structural variants.	"Person: Venkat Malladi, Chris Stoeckert, Jie Zheng"	subclass		DNA sequencing														
379	FALSE	OBI:0001850	transcript analysis by paired-end tag sequencing	"A translation profiling or sequencing assay that incorporates paired-end tags and sequencing technology to determine transcripts, gene structures, and gene expressions."	"Person: Venkat Malladi, Chris Stoeckert, Jie Zheng"	subclass		"transcription profiling assay, sequencing assay"	"RNA sequencing, paired-end library preparation"			ribonucleic acid			DNA sequencer	ribonucleic acid	RNA	DNA sequence data		transcription profiling identification objective		
382	FALSE	OBI:0001853	DNase I hypersensitive sites sequencing assay	"A DNA sequencing to identify the location of regulatory regions, based on the genome-wide sequencing of regions super sensitive to cleavage by DNase I."	"Person: Venkat Malladi, Chris Stoeckert, Jie Zheng"	subclass		DNA sequencing	"DNA sequencing, library preparation, non-specific enzymatic cleavage"			deoxyribonucleic acid			DNA sequencer	deoxyribonucleic acid	DNA	DNA sequence data		protein and DNA interaction identification objective		
385	FALSE	OBI:0001857	RNP (ribonuclear particle) immunoprecipitation high- throughput sequencing assay	An analyte or sequencing assay that combines immunoprecipitation of an RNA-binding protein and RNA-seq to identify mRNAs associated with selected RNA binding proteins (RBPs).	"Person: Venkat Malladi, Chris Stoeckert, Jie Zheng"	subclass		"analyte assay, sequencing assay"	"immunoprecipitation, library preparation, cross linking, RNA sequencing"			protein complex			"DNA sequencer, sonicator"	protein complex	protein	DNA sequence data		protein and RNA interaction identification objective		
388	FALSE	OBI:0001858	cross-linking immunoprecipitation high-throughput sequencing assay	"An analyte or sequencing assay that employs UV-crosslinking between RNA and the protein; followed by immunoprecipitation with antibodies for the protein, fragmentation, and high-throughput used for screening for RNA sequences that interact with a particular RNA-binding protein."	"Person: Venkat Malladi, Chris Stoeckert, Jie Zheng"	subclass		"analyte assay, sequencing assay"	"immunoprecipitation, library preparation, cross linking, RNA sequencing"			protein complex				protein complex	protein	DNA sequence data		protein and RNA interaction identification objective		
391	FALSE	OBI:0001859	formaldehyde-assisted isolation of regulatory elements assay	A DNA sequencing to determine the sequences of those DNA regions in the genome associated with regulatory activity.	"Person: Venkat Malladi, Chris Stoeckert, Jie Zheng"	subclass		DNA sequencing	"DNA sequencing, library preparation, cross linking"			deoxyribonucleic acid				deoxyribonucleic acid	DNA	DNA sequence data		protein and DNA interaction identification objective		
394	FALSE	OBI:0001861	methylation-sensitive restriction enzyme sequencing assay	A DNA sequencing or a DNA methylation profiling by high throughput sequencing assay that identifies unmethylated CpGs by use of methylation sensitive restriction enzymes to fragment DNA.	"Person: Venkat Malladi, Chris Stoeckert, Jie Zheng"	subclass		"DNA sequencing, DNA methylation profiling by high throughput sequencing assay"	"DNA sequencing, library preparation, specific enzymatic cleavage"			deoxyribonucleic acid				deoxyribonucleic acid	DNA	DNA sequence data	regulation of DNA methylation	epigenetic modification identification objective		
397	FALSE	OBI:0001862	reduced representation bisulfite sequencing assay	A bisulfite sequencing assay that identifies genomic methylation patterns by using a bisulfite based protocol that enriches CG-rich parts of the genome.	"Person: Venkat Malladi, Chris Stoeckert, Jie Zheng"	subclass		bisulfite sequencing	"library preparation, specific enzymatic cleavage"													
400	FALSE	OBI:0001863	shotgun bisulfite-seq assay	A bisulfite sequencing assay that identifies methylated cytosines across the genome using high throughput sequencing.	"Person: Venkat Malladi, Chris Stoeckert, Jie Zheng"	subclass		bisulfite sequencing	library preparation						sonicator							
403	FALSE	OBI:0001864	RNA Annotation and Mapping of Promoters for the Analysis of Gene Expression assay	"A transcription profiling or sequencing assay that identifies transcription start sites (TSS), the quantification of their expression, and the characterization of their transcripts using high throughput sequencing."	"Person: Venkat Malladi, Chris Stoeckert, Jie Zheng"	subclass		"transcription profiling assay, sequencing assay"	"library preparation, RNA sequencing, non specific enzymatic cleavage"			ribonucleic acid			DNA sequencer	ribonucleic acid	RNA	DNA sequence data		transcription start site identificaton objective		
406	FALSE	OBI:0001915	DNA replication timing by array assay	An assay in which timing of DNA replication is quantified as a function of genome position using array technology.	"Venkat Malladi, Chris Stoeckert, Jie Zheng"	subclass		assay	"immunoprecipitation, library preparation, multiplex ligation-mediated amplification"	deoxyribonucleic acid					"flow cytometer sorter, DNA microarray"	5-bromo-2'-deoxyuridine	reagent	measurement datum	DNA replication	DNA replication identification objective		
409	FALSE	OBI:0001918	RNA-binding protein immunoprecipitation array profiling assay	An analyte assay that combines immunoprecipitation of an RNA-binding protein and array technology to identify mRNAs associated with selected RNA binding proteins (RBPs).	"Person: Venkat Malladi, Chris Stoeckert, Jie Zheng"	subclass		analyte assay	"immunoprecipitation, library preparation"	protein complex					DNA microarray			measurement datum		protein and RNA interaction identification objective		
412	FALSE	OBI:0001919	Carbon-copy chromosome conformation capture assay	A sequencing assay that is used to analyze the organization of chromosomes at the genome-wide scale.	"Venkat Malladi, Chris Stoeckert, Jie Zheng"	subclass		sequencing assay	"DNA sequencing, library preparation, cross linking, multiplex ligation-mediated amplification, specific enzymatic cleavage"	deoxyribonucleic acid					DNA sequencer			DNA sequence data		chromosome conformation identification objective		
415	FALSE	OBI:0001920	DNA replication timing by sequencing assay	A sequencing assay in which timing of DNA replication is quantified as a function of genome position based on genome-wide sequencing.	"Venkat Malladi, Chris Stoeckert, Jie Zheng"	subclass		sequencing assay	"DNA sequencing, immunoprecipitation"	deoxyribonucleic acid					"flow cytometer sorter, DNA sequencer"	5-bromo-2'-deoxyuridine	reagent	DNA sequence data  information content entity	DNA replication	DNA replication identification objective		
418	FALSE	OBI:0001921	RNA-binding protein immunoprecipitation tiling array profiling	A RNA-binding protein immunoprecipitation array profiling assay that combines immunoprecipitation of an RNA-binding protein and RNA tiling array to identify mRNAs associated with selected RNA binding proteins (RBPs).	"Person: Venkat Malladi, Chris Stoeckert, Jie Zheng"	subclass		RNA-binding protein immunoprecipitation array profiling assay							tiling microarray							
421	FALSE	OBI:0001922	microRNA profiling by high throughput sequencing assay	A RNA-seq or microRNA profiling assay in which high throughput sequencing technology is used to analyse the microRNA component of the transcriptome.	"Person: Venkat Malladi, Chris Stoeckert, Jie Zheng"	subclass		"RNA-seq assay, microRNA profiling assay"	library preparation	ribonucleic acid								measured expression level	miRNA			
424	FALSE	OBI:0001923	protein sequencing by tandem mass spectrometry assay	A sequencing assay in which amino acid sequences of proteins are determined using multiple rounds of mass spectrometry and molecule fragmentation.	"Person: Venkat Malladi, Chris Stoeckert, Jie Zheng"	subclass		sequencing assay	protease cleavage	protein					tandem mass spectrometer			sequence data				
427	FALSE	OBI:0001924	micrococcal nuclease digestion followed by high throughput sequencing assay	A sequencing assay to identify nucleosome positioning by genome wide sequencing of regions sensitive to digestion by micrococal nuclease.	"Person: Venkat Malladi, Chris Stoeckert, Jie Zheng"	subclass		sequencing assay	"library preparation, non specific enzymatic cleavage"	deoxyribonucleic acid					DNA sequencer			DNA sequence data		protein and DNA interaction identification objective		
430	FALSE	OBI:0001925	chromatin immunoprecipitation with exonuclease sequencing assay	A ChIP-seq assay to identify protein binding sites using an exonuclease to provide greater binding resolution of immunoprecipitation assay by genome wide sequencing.	"Person: Venkat Malladi, Chris Stoeckert, Jie Zheng"	subclass		ChIP-seq assay	"cross linking, specific enzymatic cleavage"	protein complex					sonicator			DNA sequence data				
433	FALSE	OBI:0001926	microRNA profiling assay	A transcription profiling assay in which aims to quantify the microRNA species within a biological sample.	"Person: Venkat Malladi, Chris Stoeckert, Jie Zheng"	subclass	transcription profiling assay' and (has_specified_output some ('measured expression level' and ('is about' some miRNA)))	transcription profiling assay		ribonucleic acid								measured expression level	miRNA			
436	FALSE	OBI:0001954	ChIP assay	"An assay in which protein-DNA complexes are extracted from short regions of chromatin and are reversibly cross linked, immunoprecipitated with antibodies or tags, purified, and amplified with the aim of analysis gene- and promoter-specific known targets"	Philippe Rocca-Serra	subclass		"assay using chromatin immunoprecipitation, epigenetic modification assay"	immunoprecipitation				deoxyribonucleic acid			specimen and ('has part' some 'deoxyribonucleic acid' and 'protein complex))	DNA and protein complex	information content entity	"chromatin remodeling' or 'regulation of molecular function, epigenetic' or 'sequence-specific DNA binding' or 'transcription factor binding site"	epigenetic modification identification objective  protein and DNA interaction identification objective		
439	FALSE	OBI:0001956	assay using chromatin immunoprecipitation	an assay which uses immunoprecipitation and which produces data about protein-DNA interaction or DNA epigenetic modification	PERSON: Philippe Rocca-Serra	subclass	('has part' some immunoprecipitation) and (achieves_planned_objective some ('epigenetic modification identification objective' or 'protein and DNA interaction identification objective'))	immunoprecipitation assay	immunoprecipitation											protein and DNA interaction identification objective		
442	FALSE	OBI:0001960	taxonomic diversity assessment by targeted gene survey	A sequencing assay which aims to provide information about taxonomic information and community diversity by mean of sequencing specific genomic regions used as marker of identity or diversity.	PERSON:Philippe Rocca-Serra	subclass		sequencing assay										sequence data	population	biodiversity assessment objective		
444	FALSE	OBI:0002014	DNA methylation profiling by ChIP-chip assay	A ChIP-chip or epigenetic modification assay that identifies sites of DNA methylation.	"Person: Chris Stoeckert, Jie Zheng"	subclass		"ChIP-chip assay, epigenetic modification assay"										information content entity	DNA methylation	epigenetic modification identification objective		
446	FALSE	OBI:0002015	transcription profiling by MPSS assay	A transcription profiling assay in which the transcriptome of a biological sample is analysed using Massive Parallel Signature Sequencing (MPSS).	"Person: Chris Stoeckert, Jie Zheng"	subclass		transcription profiling assay	"DNA sequencing, library preparation"						assay bead			information content entity	gene expression	transcription profiling indentification objective		
448	FALSE	OBI:0002016	histone modification identification by ChIP-chip assay	A ChIP-chip or epigenetic modification assay to identify regions containing specific histones and their modifications.	"Person: Chris Stoeckert, Jie Zheng"	subclass		"ChIP-chip assay, epigenetic modification assay"										information content entity	histone modification	epigenetic modification identification objective		
450	FALSE	OBI:0002017	histone modification identification by ChIP-Seq assay	A ChIP-seq assay to identify regions containing specific histones and their modifications.	"Person: Chris Stoeckert, Jie Zheng"	subclass		ChIP-seq assay										information content entity	histone modification	epigenetic modification indentification objective		
452	FALSE	OBI:0002018	transcription factor binding site identification by ChIP-chip assay	A ChIP-chip or transcription factor binding site assay to identify binding sites for transcription factors.	"Person: Chris Stoeckert, Jie Zheng"	subclass		"transcription factor binding site assay, ChIP-chip assay"										information content entity	transcription factor binding site	protein and DNA interaction identification objective		
454	FALSE	OBI:0002019	transcription factor binding site identification by ChIP-Seq assay	A ChIP-seq or transcription factor binding site assay to identify binding sites for transcription factors.	"Person: Chris Stoeckert, Jie Zheng"	subclass		"transcription factor binding site assay, ChIP-seq assay"										information content entity	transcription factor binding site	protein and DNA interaction identification objective		
456	FALSE	OBI:0002020	epigenetic modification assay	"An assay that identifies epigenetic modification; including histone modifications, open chromatin, and DNA methylation."	"Person: Chris Stoeckert, Jie Zheng"	subclass	assay and (achieves_planned_objective some 'epigenetic modification identification objective')	assay												epigenetic modification identification objective		
458	FALSE	OBI:0002029	serial analysis of gene expression	A transcription profiling assay which aims to quantify RNA through creating short signature tags of the messages and ligating them into a larger molecule that is then sequenced.	"Person:Janos Demeter, Chris Stoeckert, Jie Zheng"	subclass		transcription profiling assay	"SAGE ditag library preparation, sequencing assay"						DNA sequencer							
460	FALSE	OBI:0002030	genotyping by tiling array	"A genotyping by array assay that aims to detect variation in (mostly) genomic DNA of an organism, strain, etc relative to some reference sequence employing tiling array technology."	"Person:Janos Demeter, Chris Stoeckert, Jie Zheng"	subclass		genotyping by array assay							tiling microarray							
462	FALSE	OBI:0002031	genotyping by SNP array	"A genotyping by array assay that aims to detect variation in (mostly) genomic DNA of an organism, strain, etc relative to some reference sequence employing snp array technology."	"Person:Janos Demeter, Chris Stoeckert, Jie Zheng"	subclass		genotyping by array assay							SNP microarray							
464	FALSE	OBI:0002032	parallel analysis of RNA structure	"A single-nucleotide-resolution nucleic acid structure mapping assay using enzymatic probing based on deep sequencing fragments of RNAs that were treated with structure-specific enzymes, thus providing simultaneous in vitro profiling of the secondary structure of thousands of RNA species at single nucleotide resolution."	"Janos Demeter, Chris Stoeckert"	subclass		single-nucleotide-resolution nucleic acid structure mapping assay using enzymatic probing														
466	FALSE	OBI:0002033	translation-associated transcript leader sequencing	An RNA-seq assay that combines TL-seq with polysome fractionation	"Janos Demeter, Chris Stoeckert"	subclass		RNA-seq assay														
468	FALSE	OBI:0002034	transcript leader sequencing	An RNA-seq assay combining enzymatic capture of m(7)G-capped mRNA 5' ends with high-throughput sequencing.	"Janos Demeter, Chris Stoeckert"	subclass		RNA-seq assay														
470	FALSE	OBI:0002035	peptide mass fingerprinting	"A mass spectrometry assay in which an unknown protein of interest is cleaved into smaller peptides, whose absolute masses can be accurately measured with a mass spectrometer. These masses are then compared to values in a database containing known protein sequences."	"Janos Demeter, Chris Stoeckert"	subclass		mass spectrometry assay														
472	FALSE	OBI:0002036	array based nucleic acid structure mapping assay	An assay which aims to provide information about the in vivo organization/structure of nucleic acids using chemical or enzymatic probes using a microarray.	"Janos Demeter, Chris Stoeckert"	subclass		assay														
474	FALSE	OBI:0002037	micrococcal nuclease digestion followed by tiling array assay	"An array based nucleic acid structure mapping assay to identify nucleosome positions, genome wide, by detection of regions protected by nucleosomes from digestion by micrococal nuclease using tiling arrays."	"Janos Demeter, Chris Stoeckert"	subclass		array based nucleic acid structure mapping assay														
476	FALSE	OBI:0002038	ribosomal profiling by sequencing assay	A RNA-seq assay to sequence only mRNA protected by the ribosome during translation.	"Person: Venkat Malladi, Chris Stoeckert, Jie Zheng"	subclass		RNA-seq assay														
478	FALSE	OBI:0002039	assay for transposase-accessible chromatin using sequencing	"An assay to capture the location of open chromatin, DNA-binding proteins, individual nucleosomes, and chromatin compaction at nucleotide resolution by Tn5 transposase insertion."	"Person: Venkat Malladi, Chris Stoeckert, Jie Zheng"	subclass		assay														
480	FALSE	OBI:0002040	chromatin isolation by RNA purification sequencing assay	A detection of specific nucleic acids with complementary probes to discover regions of the genome which are bound by a specific RNA (or a by a ribonucleoprotein containing the RNA of interest) using high-throughput sequencing.	"Person: Venkat Malladi, Chris Stoeckert, Jie Zheng"	subclass		detection of specific nucleic acid polymers with complementary probes														
482	FALSE	OBI:0002041	self-transcribing active regulatory region sequencing assay	"A RNA-seq assay to identify the sequences that act as transcriptional enhancers in a direct, quantitative, and genome-wide manner from sheared genomic DNA."	"Person: Venkat Malladi, Chris Stoeckert, Jie Zheng"	subclass		RNA-seq assay														
484	FALSE	OBI:0002042	carbon-copy chromosome conformation capture assay followed by sequencing assay	"A carbon-copy chromosome conformation capture assay to analyze the organization of chromosomes in an unbiased, genome-wide manner using high throughput sequencing following carbon-copy chromosome conformation capture."	"Person: Venkat Malladi, Chris Stoeckert, Jie Zheng"	subclass		Carbon-copy chromosome conformation capture assay														
486	FALSE	OBI:0002043	individual-nucleotide resolution cross-linking and immunoprecipitation sequencing assay	"A cross-linking immunoprecipitation high-throughput sequencing assay to identify protein-RNA interactions by using UV light to covalently bind proteins and RNA molecules, allowing for a very stringent purification of the linked protein-RNA complexes."	"Person: Venkat Malladi, Chris Stoeckert, Jie Zheng"	subclass		cross-linking immunoprecipitation high-throughput sequencing assay													"shall add process, like cross-linking, immunoprecipitation, sequenceing assay?"	
488	FALSE	OBI:0002044	RNA Bind-n-Seq assay	A RNA-seq assay that comprehensively characterizes sequence and structural specificity of RNA binding proteins (RBPs)	"Person: Venkat Malladi, Chris Stoeckert, Jie Zheng"	subclass		RNA-seq assay														
490	FALSE	OBI:0002045	poly(A)-site sequencing assay	A RNA-seq assay for quantitatively profiling RNA polyadenylation at the transcriptome level.	"Person: Venkat Malladi, Chris Stoeckert, Jie Zheng"	subclass		RNA-seq assay														
492	FALSE	OBI:0002082	reporter gene assay	An assay in which expression of a reporter gene is detected that was inserted under the control of a regulatory sequence of interest.	"Chris Stoeckert, Paul D. Thomas"	subclass		assay														
494	FALSE	OBI:0002083	enhancer activity detection by reporter gene assay	A reporter gene assay in which expression of a reporter gene is detected that was inserted under the control of an enhancer of interest.	"Paul D. Thomas, Yang Chai"	subclass		reporter gene assay														
496	FALSE	OBI:0002084	transcription cofactor activity region identification by ChIP-Seq assay	"A ChIP-seq assay to identify regions of chromatin bound to a chromatin modifying protein, e.g. a histone acetyltransferase."	"Paul D. Thomas, Yang Chai"	subclass		ChIP-seq assay														
498	FALSE	OBI:0002085	transcript expression location detection by hybridization chain reaction	"An in-situ hybridization in which the location (e.g. anatomical/tissue) of a transcript is detected by a multiplexed fluorescent in situ hybridization, based on orthogonal amplification with hybridization chain reactions (HCR). RNA probes complementary to mRNA targets trigger chain reactions in which fluorophore-labeled RNA hairpins self-assemble into tethered fluorescent amplification polymers."	"Paul D. Thomas, Yang Chai"	subclass		in-situ hybridization														
500	FALSE	OBI:0302736	comet assay	a comet assay is an assay which utilizes gel electrophoresis on cell exposed to a challenge with the objective to assess DNA damage (DNA breakage) by determining the size and shape of DNA migration in cell placed in an electric field in specific conditions.	Philippe Rocca-Serra	subclass		assay							"gel tank, power supply"	cell  agarose gel	cell  reagent	information content entity	cellular response to DNA damage stimulus			
503	FALSE	OBI:0302737	PCR-SSCP assay	"a PCR-SSCP assay is an assay that identifies DNA sequence variation (mutation, deletion, insertions) using gel electrophoresis technique and denaturating conditions on target DNA sequences amplified using polymerase chain reaction procedure."	PERSON: Philippe Rocca-Serra	subclass		genotyping assay	"polymerase chain reaction, material component separation"							amplified DNA	DNA	"image, genotype information"				
506	FALSE	OBI:0600002	tumor grading	"Determination of the grade (severity/stage) of a tumor sample, used in cancer biology to describe abnormalities/qualities of tumor cells or tissues. Values can be described by terms from NCI Thesaurus."	Compiled by Helen Parkinson for Transcriptomics thanks to Adam Witney	subclass		assay								specimen	specimen	measurement datum	disease course			
509	FALSE	OBI:0600003	performing a clinical assessment	"An assay during which a series of tests are made of a patient, leading to determination of disease state, or condition."	PlanAndPlannedProcess Branch	subclass		assay	performing a diagnosis							organism and ('has role' some 'patient role')	organism	diagnosis textual entity				
512	FALSE	OBI:0600017	detection of molecular label	"An assay that detects the presence or a quality of a molecular label, which is a proxy for the detection of the molecular target to which the label is attached"	PERSON:Matthew Brush	subclass		assay								molecular-labeled material	material entity	measurement datum	molecular labeled material			
515	FALSE	OBI:0600020	histology	"the visual examination of cells or tissue (or images of them) with an assessment regarding a quality of the cells or tissue. Parts are: staining, imaging, judgement"	PERSON:Compiled by Helen Parkinson for Transcriptomics thanks to Adam Witney	subclass		assay	"imaging assay, histological sample preparation, staining, collecting specimen from organism"									information content entity	cell or organ section		shall remove 'collecting specimen from organism'?	
518	FALSE	OBI:0600025	substance detection	any protocol which results in the detection of a specified substance	PERSON:Kevin Clancy	subclass		assay							"chromatography device, gamma counter, ion detector, flow cytometer analyzer, photodetector, array scanner, spectrophotometer"	material entity	material entity	measurement datum				
521	FALSE	OBI:0600026	longitudinal mass measurement assay	An assay in which the mass of a material is measured at two or more time points	Helen Parkinson	subclass		assay								organism	organism	measurement datum				
524	FALSE	OBI:0600047	sequencing assay	the use of a chemical or biochemical means to infer the sequence of a biomaterial	PlanAndPlannedProcess Branch	subclass	(has_specified_output some 'sequence data') and (achieves_planned_objective some 'assay objective')	assay				deoxyribonucleic acid' or 'ribonucleic acid' or protein				deoxyribonucleic acid' or 'ribonucleic acid' or protein	DNA or RNA or protein	sequence data				
